38.7,75.5,24.4,3.2,4.7,111.5,62.6,2.3,1.4,2.4,33.3,8.3,0.5,0.25,0.35,3674.5,6.3,1
39.1,81.8,30.0,2.5,5.3,87.9,51.2,2.2,1.7,2.7,35.8,8.8,0.2,0.15,0.15,1551.8,5.8,1
38.8,89.8,25.8,2.8,4.0,95.0,50.3,2.2,1.0,2.0,34.8,8.0,0.5,0.35,0.25,1528.8,5.9,1
38.3,87.4,24.4,2.4,5.6,112.2,68.5,2.3,1.3,2.1,34.0,12.0,0.4,0.35,0.25,4892.6,5.9,1
38.4,71.2,19.4,3.6,5.6,113.9,51.0,1.9,1.6,2.5,36.9,7.8,0.4,0.15,0.35,1697.4,6.2,1
39.0,86.5,23.1,3.8,5.5,81.0,65.0,2.0,1.2,3.2,32.9,11.4,0.2,0.35,0.25,1315.0,6.3,1
39.0,77.2,27.4,3.0,4.8,93.4,55.2,2.1,1.1,2.5,34.9,9.6,0.1,0.35,0.35,4460.2,5.9,1
38.9,71.6,20.0,3.3,5.4,85.4,58.4,2.2,1.2,3.1,31.4,10.0,0.2,0.15,0.35,2015.5,6.2,1
39.1,81.6,21.2,3.6,4.4,113.1,56.2,1.8,1.4,2.2,40.6,13.0,0.2,0.25,0.35,3942.3,5.9,1
39.1,87.2,26.3,3.2,5.7,81.0,52.7,2.2,1.2,3.2,36.3,9.3,0.2,0.15,0.25,4920.9,5.9,1
38.7,79.7,22.6,3.8,5.9,84.4,66.5,2.0,1.0,2.6,32.0,12.2,0.3,0.35,0.15,4546.3,6.0,1
38.7,81.0,20.9,4.0,4.1,111.5,50.0,1.9,1.7,3.1,30.9,10.1,0.5,0.15,0.35,1858.7,6.0,1
38.8,73.4,28.6,3.9,5.6,95.7,53.1,2.1,1.3,2.0,35.4,9.1,0.4,0.25,0.25,1937.2,6.1,1
38.6,70.0,29.2,3.4,4.0,110.1,54.7,1.8,1.8,2.9,44.2,8.0,0.1,0.35,0.15,2686.2,6.3,1
39.0,75.6,26.7,2.4,5.3,99.1,51.0,1.8,1.1,3.1,43.4,7.3,0.4,0.25,0.15,1997.6,6.2,1
39.1,89.6,19.7,3.7,6.0,98.5,68.3,2.2,1.4,2.2,43.5,13.7,0.5,0.15,0.25,1681.4,5.8,1
39.0,68.6,29.8,2.3,4.0,112.1,64.8,2.2,1.4,2.9,34.9,11.5,0.5,0.35,0.15,1963.3,6.2,1
38.3,74.2,24.7,2.9,5.3,109.4,66.9,1.8,1.3,2.0,34.6,10.2,0.5,0.35,0.25,1595.3,6.0,1
38.7,72.3,25.7,2.6,5.0,116.5,55.9,2.1,1.7,3.0,39.7,13.4,0.1,0.25,0.25,2360.1,6.2,1
39.1,72.3,22.7,3.0,4.4,97.7,51.2,2.2,1.1,2.2,38.6,7.9,0.1,0.15,0.15,2297.3,6.2,1
39.2,76.8,21.1,3.3,4.3,82.1,57.1,2.0,1.6,2.7,30.7,13.8,0.5,0.35,0.35,1001.4,6.1,1
38.8,80.0,28.4,2.4,5.5,98.6,60.0,2.1,1.1,2.1,31.3,8.0,0.4,0.15,0.15,3598.4,5.8,1
38.6,76.9,27.4,3.4,5.9,102.5,50.9,2.0,1.0,2.7,35.5,11.4,0.4,0.15,0.25,3886.2,6.2,1
38.3,85.8,24.6,3.5,4.7,108.4,64.2,2.2,1.2,2.5,36.7,10.3,0.2,0.35,0.15,4400.2,6.0,1
39.0,73.2,29.1,2.6,4.0,93.1,61.8,2.0,1.0,3.0,44.3,13.8,0.5,0.15,0.35,3662.2,6.0,1
38.6,84.0,18.9,3.3,6.0,98.4,53.6,2.2,1.4,2.5,37.2,8.0,0.5,0.25,0.25,1715.9,6.2,1
38.8,68.3,25.4,2.4,4.9,90.0,50.4,1.9,1.7,2.5,43.9,9.4,0.2,0.25,0.25,3405.8,5.9,1
38.7,70.0,26.6,2.4,5.6,112.1,67.0,1.9,1.8,3.1,33.9,12.3,0.3,0.25,0.25,3876.8,5.8,1
39.1,68.8,27.0,2.8,6.0,110.8,67.8,2.0,1.6,2.0,39.9,7.7,0.3,0.35,0.25,1557.0,5.9,1
39.2,83.6,18.9,2.3,4.5,101.3,62.3,2.2,1.6,2.4,37.1,7.8,0.4,0.25,0.15,3995.0,6.0,1
38.4,75.0,24.1,2.8,5.0,92.6,65.9,2.1,1.2,2.3,42.0,10.0,0.2,0.35,0.15,3668.8,6.1,1
38.9,81.0,26.8,3.1,4.4,87.1,70.0,2.3,1.7,2.9,38.3,9.0,0.5,0.15,0.25,2833.5,6.1,1
39.0,87.7,29.7,3.9,5.8,99.1,54.8,2.2,1.7,2.6,31.3,12.7,0.4,0.35,0.15,2242.6,6.0,1
38.8,84.9,27.6,2.7,4.8,90.5,66.1,2.1,1.6,2.2,32.1,11.5,0.1,0.15,0.35,2488.7,6.3,1
38.4,73.3,29.2,2.0,4.0,83.0,55.1,2.1,1.1,3.0,31.6,10.8,0.5,0.25,0.25,4564.2,5.9,1
38.7,86.5,21.6,3.6,4.0,87.6,62.2,1.9,1.5,3.0,44.3,12.9,0.2,0.25,0.25,4684.5,6.0,1
39.2,81.7,24.4,2.5,6.0,103.8,57.5,2.1,1.2,3.0,37.6,11.1,0.5,0.35,0.15,3549.5,5.9,1
38.3,84.6,22.4,2.0,5.8,86.9,64.8,1.9,1.0,2.5,31.6,13.7,0.4,0.25,0.25,4686.5,6.1,1
38.4,77.3,18.2,3.2,4.0,103.3,52.8,2.3,1.7,2.1,33.5,9.9,0.1,0.35,0.15,4479.7,6.3,1
38.3,76.6,21.6,3.4,4.8,113.5,69.7,2.0,1.2,3.1,41.9,9.0,0.4,0.25,0.25,1468.7,6.0,1
38.5,76.3,24.1,4.0,5.6,107.2,57.9,2.3,1.6,2.3,43.6,7.5,0.4,0.35,0.15,1839.0,6.1,1
39.1,70.8,26.5,3.6,4.9,89.4,64.7,2.0,1.1,2.7,39.6,12.5,0.3,0.35,0.35,4591.9,6.3,1
39.1,87.2,20.6,3.0,4.8,113.1,61.1,2.0,1.7,2.6,31.2,12.8,0.3,0.35,0.35,2733.3,5.9,1
39.1,83.1,26.0,2.6,4.4,82.2,55.3,1.9,1.1,2.3,33.5,11.6,0.5,0.25,0.15,2213.7,6.0,1
38.7,77.7,26.4,2.3,5.8,83.0,66.5,2.3,1.5,2.5,31.9,10.4,0.4,0.25,0.25,1256.3,6.0,1
39.1,76.6,21.5,2.4,4.4,111.1,68.9,2.0,1.2,2.5,32.1,9.4,0.3,0.15,0.35,3502.6,6.2,1
38.8,83.0,22.3,3.7,6.0,87.4,58.4,1.9,1.8,3.1,34.8,11.7,0.1,0.35,0.15,4822.8,6.0,1
39.1,80.6,20.7,3.8,5.6,119.5,69.3,2.2,1.1,2.1,41.4,11.4,0.5,0.35,0.15,3002.2,5.9,1
38.8,75.2,26.6,3.0,5.8,109.7,55.6,1.8,1.8,2.6,32.8,8.8,0.2,0.25,0.25,3055.0,5.9,1
38.3,79.4,19.0,2.1,6.0,95.7,55.8,2.2,1.7,2.6,36.7,9.3,0.1,0.15,0.35,2740.4,6.3,1
39.1,88.2,25.1,3.7,4.1,90.6,66.2,2.0,1.5,2.1,35.1,8.1,0.3,0.35,0.35,3272.5,6.2,1
38.4,77.1,29.5,2.6,5.4,108.8,69.1,2.2,1.1,2.2,40.3,11.1,0.3,0.25,0.25,1235.4,6.0,1
38.3,73.0,26.6,3.1,4.5,84.2,66.2,2.1,1.6,2.1,38.8,8.8,0.2,0.25,0.35,1629.1,6.3,1
38.5,71.9,27.0,3.2,4.8,114.5,55.2,1.9,1.4,2.2,39.5,10.6,0.4,0.25,0.25,3190.8,6.3,1
39.2,78.6,20.4,2.0,5.0,96.3,60.4,1.9,1.3,2.7,32.3,12.0,0.4,0.35,0.35,3325.0,6.0,1
39.0,80.3,26.6,2.2,4.3,103.1,56.9,2.3,1.6,2.6,32.5,10.1,0.5,0.35,0.35,4133.2,6.3,1
38.9,70.7,20.5,2.6,5.6,111.6,61.5,2.1,1.3,2.2,39.4,10.1,0.5,0.35,0.25,4880.5,6.2,1
38.4,87.7,19.5,2.3,5.0,96.9,60.1,1.8,1.3,3.2,35.2,12.5,0.2,0.25,0.35,1685.4,6.1,1
38.6,74.5,27.8,3.3,4.0,80.7,63.4,2.1,1.1,3.1,36.0,13.2,0.5,0.25,0.35,3302.0,6.1,1
38.5,68.5,22.3,3.0,4.8,104.4,64.3,2.3,1.2,2.8,37.8,11.1,0.3,0.25,0.25,3985.1,6.1,1
38.8,82.7,28.7,3.1,4.3,88.3,59.4,2.3,1.1,2.9,41.6,8.1,0.4,0.35,0.15,1196.2,5.9,1
38.8,69.9,22.2,3.6,5.4,104.9,53.0,2.0,1.8,2.7,36.7,7.7,0.5,0.15,0.15,3306.5,6.3,1
38.4,81.3,21.0,2.2,4.2,113.1,57.9,2.1,1.1,2.4,35.2,7.9,0.3,0.15,0.25,2649.1,6.2,1
38.4,87.4,23.5,3.5,4.1,81.6,69.4,2.1,1.5,2.0,32.4,11.4,0.3,0.35,0.25,1606.5,5.8,1
39.1,72.1,25.0,2.7,5.1,88.9,64.6,2.3,1.5,2.9,38.9,8.6,0.4,0.35,0.35,1110.9,6.3,1
38.4,87.2,25.4,3.8,5.3,110.6,65.7,1.8,1.6,2.3,31.4,13.3,0.1,0.15,0.35,2139.2,6.3,1
38.6,71.8,21.5,2.5,4.7,102.7,65.4,2.2,1.6,3.0,32.0,7.8,0.1,0.35,0.15,4835.2,5.8,1
38.7,74.7,28.3,3.6,4.5,90.8,52.2,1.8,1.0,2.9,31.1,9.3,0.1,0.35,0.15,1087.0,6.2,1
38.5,68.6,23.4,2.4,4.2,116.2,52.4,1.9,1.2,2.7,37.8,11.4,0.5,0.25,0.35,3292.4,5.9,1
39.1,70.9,25.1,2.1,5.1,114.8,62.4,2.3,1.5,3.1,41.2,11.2,0.2,0.15,0.25,4017.4,6.2,1
38.7,79.5,19.3,2.7,5.0,99.8,62.3,2.0,1.0,2.2,36.3,13.1,0.2,0.35,0.15,4421.0,5.9,1
39.0,87.3,29.7,2.4,5.5,84.7,62.9,2.1,1.1,3.2,41.6,10.7,0.5,0.25,0.25,1985.9,5.9,1
38.3,76.5,25.2,3.8,4.8,116.2,62.8,1.9,1.8,2.4,35.1,10.4,0.1,0.25,0.35,4846.1,6.3,1
38.3,81.0,19.1,3.5,5.9,87.7,69.4,1.9,1.7,2.9,36.0,13.4,0.1,0.15,0.35,3507.1,5.8,1
39.0,68.8,24.2,2.2,4.0,114.4,51.8,1.9,1.0,2.7,30.8,9.5,0.3,0.15,0.35,1337.2,5.8,1
39.2,76.9,22.1,2.0,5.9,85.4,57.8,2.1,1.2,3.2,30.4,7.4,0.4,0.15,0.25,2191.0,6.0,1
38.6,73.4,22.5,3.2,4.6,117.1,68.1,2.3,1.8,2.7,31.3,12.2,0.3,0.15,0.25,4471.2,6.1,1
39.1,85.9,22.7,3.0,6.0,94.0,57.5,1.9,1.3,3.2,40.7,10.7,0.2,0.35,0.35,1158.7,6.3,1
39.1,84.8,20.1,2.2,5.9,107.2,54.7,1.9,1.8,2.1,32.0,12.7,0.1,0.35,0.25,4618.9,6.3,1
39.0,79.7,27.0,3.4,4.9,84.9,65.6,1.9,1.4,2.6,39.6,12.1,0.5,0.25,0.25,2066.4,6.2,1
39.1,82.3,29.2,3.7,5.6,80.6,52.8,1.9,1.7,2.1,43.5,11.2,0.4,0.35,0.25,3201.8,6.1,1
38.7,80.2,22.0,4.0,5.0,90.8,58.6,1.8,1.7,2.5,33.0,7.3,0.5,0.35,0.35,3329.0,5.9,1
38.7,85.8,24.4,3.4,5.6,111.8,67.9,2.2,1.6,3.0,44.3,10.4,0.3,0.15,0.25,4150.3,6.3,1
38.3,84.9,29.0,2.7,4.6,98.2,54.4,2.1,1.6,3.1,35.7,9.9,0.5,0.15,0.35,2832.8,6.0,1
38.3,70.2,19.5,2.6,6.0,95.5,60.9,2.2,1.3,3.0,37.9,9.5,0.3,0.25,0.15,1912.1,5.8,1
38.8,77.6,20.1,3.7,6.0,95.0,58.3,2.0,1.2,2.0,40.6,8.5,0.2,0.25,0.35,2314.9,6.0,1
38.8,74.8,29.6,3.8,5.9,88.9,68.2,2.3,1.6,2.6,44.5,13.7,0.1,0.35,0.35,1884.0,6.2,1
38.3,80.4,28.7,3.9,4.0,87.9,67.8,2.1,1.8,2.8,36.5,10.1,0.1,0.25,0.35,1513.3,5.8,1
38.5,73.2,24.2,3.1,4.3,94.7,64.7,1.9,1.2,2.5,34.1,7.2,0.2,0.35,0.25,1275.5,6.2,1
38.4,80.1,29.9,2.7,4.3,92.3,59.2,2.0,1.0,3.1,40.4,8.9,0.1,0.25,0.25,2002.7,6.2,1
38.6,72.0,20.9,2.8,4.9,115.7,63.5,2.2,1.6,3.1,40.9,13.0,0.4,0.35,0.25,4465.0,6.2,1
38.9,68.5,23.3,2.4,5.3,93.7,67.9,2.1,1.2,2.7,39.6,8.9,0.3,0.15,0.35,2677.9,6.0,1
38.8,86.4,21.8,3.1,5.1,84.4,67.3,2.3,1.0,3.2,38.7,7.0,0.3,0.15,0.35,1243.6,5.9,1
38.5,84.9,27.3,2.1,4.0,113.6,59.6,1.9,1.7,2.7,31.9,13.6,0.4,0.25,0.35,4557.5,6.3,1
38.9,85.8,23.9,3.7,5.5,96.3,67.5,2.0,1.0,3.1,44.7,13.3,0.2,0.25,0.15,3917.0,6.1,1
39.0,84.5,20.2,4.0,5.1,105.4,52.7,1.8,1.5,2.8,32.6,13.3,0.4,0.15,0.35,2854.5,5.8,1
38.9,69.2,24.4,3.6,4.0,94.5,52.3,2.2,1.3,2.4,37.8,8.0,0.3,0.35,0.25,1414.4,5.9,1
39.0,69.7,21.2,3.1,6.0,110.9,56.8,1.8,1.7,2.3,43.0,9.6,0.4,0.15,0.15,2419.4,6.1,1
38.5,73.2,24.4,2.0,4.9,100.4,57.2,1.9,1.5,2.8,40.1,11.2,0.2,0.35,0.25,3448.8,6.0,1
38.6,69.8,24.6,4.0,4.0,84.8,59.6,1.8,1.4,2.8,34.9,9.4,0.2,0.25,0.35,1008.6,6.0,1
38.5,63.6,20.9,1.4,6.1,103.1,77.4,2.0,1.2,2.3,50.9,84.1,0.9,8.8,0.9,488.7,6.5,2
39.2,63.4,20.5,1.7,5.6,92.5,77.2,2.0,1.1,2.2,50.9,108.0,0.6,8.7,0.8,499.0,7.1,2
39.1,68.5,24.7,1.7,5.6,106.2,75.2,2.0,1.5,2.4,49.1,101.9,0.9,11.0,0.8,224.6,6.7,2
38.5,68.5,22.7,1.5,6.8,95.7,73.0,2.3,1.5,2.5,52.4,70.1,1.0,9.1,1.0,387.4,7.0,2
39.2,65.0,22.9,1.0,7.3,105.6,77.4,2.3,1.5,2.2,51.2,86.7,1.0,10.8,0.8,389.5,6.7,2
38.9,61.2,23.1,1.0,6.4,90.0,74.8,2.1,1.3,2.2,57.5,101.8,0.5,8.5,0.9,243.7,6.6,2
39.3,62.8,18.2,1.7,5.6,96.9,72.4,2.0,1.3,2.2,49.7,96.2,0.6,10.3,1.1,309.5,6.9,2
38.8,64.6,16.3,1.6,6.4,109.8,79.6,2.3,1.5,3.0,45.3,114.0,0.5,10.5,1.1,206.3,7.1,2
39.0,67.4,18.7,1.0,5.6,91.6,77.0,2.2,1.0,2.9,56.9,111.2,0.5,8.0,1.1,232.3,7.0,2
38.6,65.4,18.8,2.0,6.3,101.9,72.9,2.0,1.3,2.2,45.9,78.3,0.8,10.1,1.1,285.4,7.1,2
39.2,62.6,18.4,1.5,6.2,100.3,74.0,2.1,1.1,2.2,45.3,104.5,1.0,9.1,1.1,435.1,7.2,2
39.3,63.4,20.4,1.8,6.2,109.0,74.7,2.3,1.2,2.5,45.9,94.0,0.7,12.0,0.9,292.9,6.9,2
39.2,65.8,17.3,1.5,5.8,103.0,76.7,2.0,1.5,2.3,50.0,94.5,0.7,11.8,0.9,232.3,6.5,2
39.5,65.0,18.0,2.0,5.6,92.3,75.2,2.2,1.4,2.2,51.5,104.4,0.5,10.5,1.2,280.7,7.1,2
39.1,68.9,19.1,1.8,7.5,91.3,77.9,2.0,1.3,2.8,49.1,117.9,0.6,8.3,1.2,414.7,6.9,2
38.8,63.6,17.9,1.7,6.8,92.0,70.6,2.0,1.3,2.5,57.2,119.7,0.9,9.4,0.9,345.0,6.8,2
38.9,68.4,20.4,1.6,6.6,94.0,75.2,2.3,1.4,2.7,55.0,89.9,0.9,9.1,0.8,388.2,7.1,2
38.7,61.7,18.8,1.6,6.6,100.8,78.7,2.0,1.3,2.3,51.1,88.7,0.8,11.2,1.0,406.0,7.2,2
38.6,68.9,17.6,1.3,7.1,107.6,73.1,2.2,1.1,2.4,58.7,113.0,0.5,8.3,1.0,319.8,7.1,2
39.4,67.1,18.2,1.5,6.1,108.9,72.7,2.0,1.2,2.8,55.0,99.3,0.7,9.5,1.0,292.7,7.0,2
39.0,68.0,18.2,1.5,6.5,103.8,78.0,2.3,1.0,2.8,47.0,93.7,0.5,8.2,0.8,456.9,7.2,2
38.8,61.9,16.6,1.6,6.5,98.4,79.9,2.0,1.4,2.5,50.4,72.3,0.7,9.3,1.0,388.2,6.9,2
39.2,66.9,21.9,1.3,6.5,105.6,74.2,2.1,1.5,2.7,54.7,84.0,0.7,9.1,0.9,315.7,6.5,2
39.5,67.9,24.1,1.1,5.6,96.9,72.1,2.3,1.0,2.6,49.9,103.2,1.0,10.2,1.2,329.6,6.9,2
39.5,66.5,21.8,1.1,6.6,108.9,72.2,2.0,1.5,2.6,57.2,88.7,0.6,10.8,0.8,405.6,6.6,2
38.5,63.6,19.7,1.0,7.0,90.4,71.7,2.0,1.2,2.6,59.9,117.4,0.7,9.7,1.2,269.2,7.0,2
38.7,62.2,22.1,2.0,7.0,91.3,71.9,2.0,1.5,3.0,56.7,75.3,0.5,8.1,1.1,248.1,7.0,2
39.4,67.4,17.4,1.9,7.2,100.8,70.1,2.1,1.3,2.9,46.0,73.6,0.7,10.1,1.0,251.4,6.8,2
38.6,67.0,16.4,1.0,6.2,100.7,73.7,2.1,1.3,2.3,55.2,99.0,0.8,8.0,1.2,388.2,6.6,2
38.9,67.9,18.6,1.0,6.7,108.3,75.5,2.1,1.5,2.6,45.8,118.9,0.7,11.5,1.1,405.6,6.5,2
38.5,69.9,24.0,1.6,7.3,102.3,71.5,2.0,1.3,2.6,59.9,76.2,1.0,11.2,1.0,409.1,6.7,2
39.0,68.1,20.5,1.3,5.6,101.8,78.5,2.3,1.0,2.4,50.6,116.2,0.8,11.1,1.0,201.0,6.8,2
39.0,61.1,19.5,1.3,5.6,92.5,72.1,2.2,1.0,2.4,53.8,88.7,0.7,11.5,1.1,397.6,6.7,2
38.7,63.9,23.9,1.9,5.8,103.3,73.6,2.1,1.5,2.2,57.2,118.6,0.7,11.1,1.2,255.9,6.9,2
39.5,66.8,23.1,1.6,5.7,109.5,78.3,2.0,1.2,2.9,49.1,111.2,0.7,12.0,0.8,430.5,7.1,2
38.5,65.3,19.4,1.6,7.3,92.2,71.2,2.2,1.0,2.5,45.9,107.2,0.5,9.8,0.9,256.1,6.7,2
38.8,63.7,21.2,2.0,6.0,99.2,72.1,2.3,1.4,2.6,58.4,92.8,0.6,11.8,1.2,378.5,6.5,2
39.3,69.6,21.5,1.9,6.2,90.7,70.6,2.2,1.4,2.7,46.4,115.7,0.9,9.6,1.2,364.9,6.5,2
38.6,67.1,24.4,1.0,7.0,99.9,71.0,2.2,1.5,2.2,52.5,81.3,1.0,8.9,0.8,428.2,6.7,2
39.1,60.6,23.5,1.5,6.1,93.7,74.9,2.2,1.2,2.9,55.2,107.8,0.5,10.5,1.0,390.1,6.9,2
39.1,69.8,20.3,1.4,5.7,108.6,75.6,2.2,1.1,2.8,59.4,102.9,0.7,11.7,1.0,257.5,7.0,2
39.4,67.6,20.4,1.7,7.4,97.9,76.7,2.1,1.1,2.5,47.6,99.1,0.8,8.8,0.9,496.4,6.7,2
39.3,62.2,16.1,2.0,6.0,101.6,73.7,2.1,1.4,2.9,55.6,94.6,0.6,10.6,0.8,386.2,7.2,2
38.9,66.7,22.2,1.8,7.4,101.0,72.4,2.0,1.5,2.2,47.6,119.3,0.9,9.5,0.8,253.7,6.5,2
38.9,64.2,22.8,1.1,6.3,101.9,70.9,2.2,1.1,2.3,52.0,73.0,0.8,9.3,1.2,361.8,7.0,2
38.7,69.5,15.1,1.9,7.1,96.7,78.5,2.0,1.5,2.2,58.8,102.5,0.9,11.2,1.2,283.4,7.1,2
39.1,66.7,24.8,2.0,6.3,108.4,72.4,2.2,1.0,2.3,58.1,80.6,0.6,8.6,0.8,384.3,7.1,2
39.3,68.8,23.9,1.6,5.5,93.2,78.0,2.1,1.4,3.0,54.8,91.8,1.0,10.5,0.9,245.6,6.8,2
38.6,69.8,15.3,1.9,7.4,102.5,74.1,2.2,1.5,2.2,55.4,98.3,0.9,9.4,0.9,223.6,6.5,2
39.3,63.3,19.8,1.6,5.5,106.3,76.2,2.1,1.3,2.8,48.4,73.4,0.9,11.2,0.9,346.2,6.9,2
39.5,60.7,21.2,1.9,6.2,109.1,72.3,2.3,1.5,2.4,57.1,105.4,0.6,9.3,0.8,339.6,6.6,2
39.0,65.3,23.3,1.2,6.0,96.8,73.8,2.1,1.2,2.2,58.0,73.6,0.5,11.8,1.0,231.1,7.0,2
39.5,68.5,15.5,2.0,5.7,92.5,70.0,2.0,1.4,2.3,47.6,115.6,0.9,11.3,1.0,228.7,6.8,2
39.2,65.2,20.6,1.1,5.9,94.0,79.4,2.3,1.4,2.3,48.3,97.0,1.0,10.4,1.2,430.8,7.0,2
39.1,69.3,22.2,1.7,6.3,98.8,70.7,2.3,1.0,2.5,50.0,89.5,0.5,10.0,1.2,420.0,6.6,2
39.3,61.7,20.3,1.1,6.6,109.0,79.1,2.3,1.4,2.3,54.6,98.7,0.7,10.4,1.1,485.3,6.6,2
39.4,68.6,15.0,1.8,6.0,96.1,71.7,2.1,1.5,2.6,52.9,119.1,0.6,11.3,1.2,445.1,7.0,2
38.6,60.5,21.9,1.8,6.2,95.2,72.3,2.0,1.3,2.5,53.9,117.8,0.6,9.9,1.1,225.4,6.6,2
39.5,67.7,21.0,1.4,6.6,102.0,71.7,2.2,1.4,2.7,56.7,84.0,0.5,8.0,1.0,214.9,6.5,2
39.0,64.9,22.6,1.0,6.1,106.8,70.4,2.3,1.1,2.6,55.8,86.5,0.5,9.6,1.1,478.2,6.6,2
39.2,67.1,21.0,1.6,6.5,104.0,76.2,2.0,1.3,2.6,58.6,73.9,0.8,11.7,1.0,296.0,7.1,2
39.2,67.8,23.3,1.9,7.3,92.2,72.8,2.2,1.3,2.5,55.4,116.5,0.7,10.0,1.0,486.3,7.1,2
39.4,69.3,15.0,1.0,6.0,95.7,79.7,2.0,1.4,2.5,51.3,94.0,0.8,9.1,1.2,208.3,6.9,2
39.3,60.1,23.6,1.3,6.2,94.0,73.3,2.2,1.0,2.3,56.2,73.3,0.6,11.1,1.0,352.4,7.1,2
39.1,66.0,20.2,1.4,5.6,109.1,73.6,2.3,1.0,2.2,51.7,83.0,0.5,10.3,1.1,394.5,7.2,2
39.1,68.6,22.1,1.1,6.3,98.1,76.0,2.0,1.3,2.5,46.0,104.2,1.0,9.8,1.1,464.4,6.7,2
38.8,67.4,18.9,1.2,7.2,102.5,76.5,2.2,1.0,2.3,45.7,117.2,0.8,10.6,0.8,328.1,7.1,2
38.9,62.2,15.2,1.1,6.1,94.9,70.7,2.0,1.3,2.4,53.4,80.5,0.8,8.5,1.2,357.5,6.5,2
39.2,66.3,22.2,1.0,6.4,90.3,79.7,2.2,1.4,2.6,51.2,75.0,0.9,10.0,0.9,471.7,6.8,2
38.7,61.6,22.6,1.2,7.2,96.2,78.0,2.0,1.4,3.0,50.4,91.3,0.6,11.2,1.2,299.6,7.1,2
38.7,68.7,23.3,1.3,7.2,95.2,75.1,2.3,1.1,2.4,52.7,75.2,0.8,10.6,1.0,271.2,6.5,2
38.5,69.4,18.9,1.3,5.7,104.7,71.7,2.0,1.2,2.6,46.2,96.1,0.9,11.6,1.2,240.7,6.7,2
38.6,65.8,17.3,1.0,6.9,90.2,73.5,2.1,1.1,2.2,57.9,118.0,0.7,11.7,1.2,493.8,7.2,2
39.3,66.4,16.7,1.8,6.1,106.7,75.9,2.0,1.2,2.6,59.8,118.4,0.7,10.3,1.2,208.5,6.9,2
38.6,68.7,22.4,1.3,7.1,105.7,70.9,2.3,1.5,3.0,46.9,93.2,0.9,10.5,0.9,484.8,6.5,2
38.5,69.5,25.0,1.6,5.7,95.5,76.7,2.2,1.5,2.9,54.3,119.0,0.6,10.4,0.9,394.7,6.8,2
39.0,65.1,21.9,1.5,6.2,90.1,74.3,2.2,1.0,2.7,55.8,104.5,0.7,8.1,0.8,442.4,7.0,2
38.8,62.0,23.9,1.3,7.0,93.5,74.9,2.1,1.4,2.6,46.3,113.5,1.0,10.0,0.9,207.3,6.6,2
38.5,62.8,21.1,1.4,7.4,99.5,79.7,2.3,1.4,2.4,52.8,102.7,0.6,11.1,1.1,484.7,7.1,2
38.5,63.1,24.3,1.4,6.5,108.0,70.4,2.3,1.0,2.7,52.8,76.5,0.7,9.5,1.1,268.4,6.9,2
39.0,61.0,23.0,1.9,6.7,101.5,75.2,2.0,1.0,2.8,54.5,89.2,0.5,8.5,0.9,288.1,6.5,2
38.9,64.3,20.9,2.0,6.5,100.4,78.3,2.2,1.1,2.6,45.4,82.0,0.7,9.3,1.0,233.3,6.5,2
38.5,65.0,23.0,1.2,5.5,101.1,73.9,2.3,1.4,2.4,55.3,104.5,0.6,9.8,1.2,267.3,7.2,2
38.6,63.5,18.1,1.0,7.4,94.3,73.9,2.3,1.4,2.3,52.3,116.6,1.0,11.1,1.0,355.5,7.1,2
38.6,64.1,20.1,1.8,5.7,93.2,70.6,2.3,1.1,2.5,54.4,73.0,1.0,10.3,0.8,478.9,6.5,2
38.6,65.0,18.3,1.3,6.0,103.2,78.1,2.0,1.5,2.2,48.5,99.9,0.8,9.9,1.2,489.8,7.1,2
38.5,65.2,19.3,1.5,7.5,106.0,78.2,2.2,1.3,2.9,54.8,74.8,1.0,9.1,1.2,309.4,6.9,2
38.8,66.2,17.3,1.6,6.2,92.3,76.4,2.3,1.3,2.2,49.3,86.3,0.8,9.6,1.1,491.1,6.5,2
38.5,60.5,15.9,1.1,6.1,97.2,76.1,2.0,1.3,2.8,46.9,81.8,0.6,10.5,0.9,319.2,7.0,2
39.5,61.6,19.9,1.2,6.5,95.4,78.3,2.3,1.1,2.8,45.4,115.0,0.8,9.4,0.9,376.4,6.8,2
38.5,64.0,16.2,2.0,7.4,106.8,78.3,2.3,1.3,2.3,48.3,119.5,0.6,8.0,1.1,335.1,6.6,2
39.0,63.2,21.4,2.0,5.6,104.6,70.2,2.2,1.4,2.9,47.6,113.5,0.8,8.4,0.8,451.4,6.5,2
38.5,65.6,19.5,1.0,7.5,107.4,77.2,2.3,1.0,2.2,47.2,115.1,0.6,9.1,0.8,437.7,6.9,2
39.2,65.5,22.6,1.4,6.6,99.3,71.2,2.0,1.1,2.5,59.7,117.3,0.8,10.2,0.9,214.4,7.0,2
39.4,60.0,16.2,1.6,5.5,94.3,75.4,2.3,1.0,2.5,55.3,86.1,0.6,9.0,1.0,477.5,7.0,2
39.2,69.8,21.6,1.3,6.2,103.1,70.6,2.2,1.4,2.3,53.7,80.8,0.7,9.2,1.1,212.6,7.0,2
39.4,63.8,24.5,1.1,5.5,109.9,78.1,2.1,1.0,2.8,59.6,111.7,0.6,8.6,1.2,309.7,6.9,2
38.7,61.5,17.4,1.8,6.8,104.4,72.9,2.3,1.0,2.3,45.0,94.3,0.7,10.1,1.1,283.8,7.0,2
38.6,63.6,19.8,1.3,6.1,107.8,72.7,2.1,1.5,2.2,48.1,93.4,0.5,10.9,1.0,367.5,6.5,2
38.8,62.6,21.6,1.0,5.9,99.5,72.9,2.0,1.2,2.7,45.1,94.5,0.5,10.8,1.0,424.2,7.0,2
39.4,63.1,19.0,4.3,4.5,74.0,65.2,2.8,2.0,2.5,47.4,46.2,0.2,5.9,0.7,191.0,6.3,3
39.4,61.2,19.3,4.9,4.9,84.0,66.2,2.9,1.8,2.8,57.8,46.5,0.2,5.3,0.7,169.9,6.6,3
38.7,62.0,22.8,3.2,4.6,83.2,65.7,2.5,1.7,2.9,59.8,45.1,0.4,5.4,0.4,224.2,6.6,3
38.7,63.4,19.4,3.2,4.6,71.8,63.2,2.6,1.7,2.9,46.6,50.6,0.3,4.9,0.6,203.3,6.6,3
39.4,69.5,21.5,3.4,4.7,75.4,61.7,2.8,1.5,2.3,53.9,59.9,0.2,5.6,0.7,177.9,6.4,3
39.3,65.7,15.3,4.8,4.7,77.8,63.2,2.5,2.0,2.2,52.1,51.4,0.4,4.6,0.7,243.6,6.3,3
39.4,67.6,20.1,4.3,5.0,81.4,61.0,2.5,1.5,2.4,59.0,45.2,0.3,4.8,0.7,156.4,6.5,3
38.6,65.5,15.0,4.7,4.6,70.9,69.7,2.8,1.7,2.2,51.5,58.7,0.4,4.4,0.5,180.3,6.3,3
38.6,66.2,22.1,4.7,4.7,70.7,65.6,2.9,1.9,2.7,49.4,56.4,0.4,4.7,0.4,211.7,6.6,3
38.9,67.3,16.9,3.1,4.8,80.3,67.8,2.5,2.0,2.9,55.0,56.3,0.4,4.1,0.7,232.8,6.3,3
38.9,60.7,21.8,4.3,5.0,78.3,60.5,2.8,2.0,2.3,53.2,59.6,0.4,4.7,0.5,236.4,6.6,3
38.7,65.0,16.4,3.6,4.8,70.9,67.6,2.8,1.9,2.7,59.5,55.1,0.2,5.8,0.7,219.9,6.5,3
39.5,65.7,18.3,4.2,4.7,71.2,63.9,2.5,1.7,2.6,53.1,53.0,0.3,5.0,0.4,206.0,6.3,3
38.9,63.2,15.0,4.2,4.7,76.6,65.8,2.8,1.8,2.2,58.4,46.2,0.2,5.0,0.5,186.5,6.4,3
39.2,62.4,19.0,4.4,5.0,77.7,69.4,2.9,1.5,3.0,52.7,50.8,0.2,4.5,0.5,185.6,6.5,3
39.3,69.5,23.9,3.5,4.5,81.2,67.1,2.7,1.6,2.5,54.8,57.9,0.4,6.0,0.5,220.1,6.4,3
39.2,61.4,16.9,3.7,4.8,73.9,60.9,2.7,1.8,2.9,49.5,52.4,0.2,4.6,0.7,198.0,6.6,3
39.0,61.3,20.7,4.8,4.7,76.9,62.4,3.0,1.6,2.3,48.2,47.0,0.3,4.9,0.4,243.6,6.3,3
39.0,68.4,21.5,4.4,4.5,76.8,63.5,2.5,2.0,2.9,46.4,50.3,0.2,4.3,0.5,204.7,6.6,3
38.5,61.4,21.7,4.4,4.7,74.5,61.1,2.9,1.7,3.0,50.8,58.3,0.4,4.3,0.7,227.0,6.6,3
38.8,65.5,25.0,3.9,4.8,72.4,67.9,2.7,1.6,2.4,50.5,54.9,0.3,5.2,0.4,155.3,6.5,3
39.4,61.7,23.3,4.9,4.9,80.5,66.5,2.8,1.7,2.2,59.5,55.4,0.2,5.9,0.4,167.3,6.6,3
39.4,62.6,17.5,3.5,4.6,82.8,66.6,2.8,1.8,2.6,50.0,50.6,0.3,5.7,0.5,234.1,6.4,3
38.7,60.2,23.1,3.6,4.9,84.1,60.2,2.6,1.6,3.0,50.6,49.8,0.4,5.3,0.4,179.5,6.6,3
39.1,63.8,15.2,4.3,4.8,74.5,63.5,2.8,1.5,2.7,46.9,50.4,0.2,4.6,0.4,239.0,6.3,3
38.5,62.8,19.4,4.9,5.0,72.5,60.9,2.8,1.6,2.2,58.2,57.7,0.3,5.9,0.5,235.1,6.3,3
38.7,63.1,18.6,4.3,4.8,78.1,64.5,2.7,1.7,2.2,52.9,55.3,0.2,4.7,0.5,247.1,6.5,3
39.5,61.7,17.2,3.8,5.0,83.7,64.4,2.7,1.9,2.7,54.6,58.1,0.3,5.8,0.4,207.5,6.3,3
38.5,61.2,22.8,3.4,4.6,83.2,64.7,2.6,1.8,2.2,45.3,46.0,0.3,5.7,0.4,199.1,6.3,3
39.5,60.0,20.4,4.8,4.8,74.6,69.1,2.5,1.8,3.0,45.1,53.0,0.2,5.0,0.7,213.0,6.5,3
38.5,68.6,24.6,4.0,4.8,84.6,64.9,2.6,1.6,2.8,54.2,51.7,0.2,4.1,0.4,240.3,6.3,3
39.4,65.6,23.1,4.3,4.5,74.6,63.8,3.0,2.0,2.7,51.8,48.2,0.3,4.5,0.4,202.7,6.3,3
39.2,60.3,17.1,3.3,4.5,84.3,67.7,2.9,1.7,2.7,56.0,57.0,0.4,5.7,0.7,152.4,6.6,3
38.7,61.2,15.1,5.0,4.7,71.6,60.5,2.5,1.9,2.8,58.7,45.8,0.3,5.6,0.6,184.5,6.6,3
39.3,66.6,23.0,4.7,5.0,83.5,69.4,3.0,1.5,2.5,59.0,45.1,0.2,5.0,0.7,204.9,6.4,3
39.3,69.2,22.5,3.6,4.8,84.2,60.3,2.5,1.9,2.5,59.9,53.1,0.2,4.5,0.6,194.8,6.4,3
39.1,60.1,24.6,3.5,4.6,78.9,60.7,2.7,1.8,2.4,51.1,59.6,0.3,4.0,0.5,182.2,6.3,3
38.8,63.2,24.8,4.7,4.8,78.0,65.6,2.7,1.6,2.7,53.6,45.0,0.4,4.8,0.6,185.7,6.5,3
39.2,62.4,16.4,3.3,4.8,71.1,60.3,2.7,1.5,2.9,57.2,57.6,0.2,5.6,0.5,151.7,6.4,3
38.6,66.1,24.0,4.1,4.8,78.1,65.3,2.9,1.7,2.9,58.5,51.7,0.3,4.5,0.5,162.1,6.4,3
39.3,61.7,17.1,4.6,4.7,81.7,61.0,2.6,1.9,2.4,52.8,53.6,0.3,5.6,0.6,220.8,6.3,3
38.9,65.7,24.7,4.7,5.0,84.2,63.8,3.0,1.9,2.9,50.0,59.5,0.4,5.6,0.4,164.0,6.4,3
39.2,67.4,16.0,4.3,4.9,83.8,64.6,2.5,1.8,2.4,55.7,53.0,0.2,5.7,0.6,229.3,6.4,3
39.4,68.7,21.2,4.5,4.5,82.2,65.5,3.0,1.7,2.4,53.1,54.9,0.3,4.0,0.6,167.4,6.4,3
39.2,66.7,19.6,3.3,4.9,82.5,66.1,2.8,2.0,2.6,52.9,47.0,0.3,4.0,0.5,155.4,6.3,3
39.5,69.3,19.7,4.3,4.9,80.6,62.0,2.6,1.6,2.5,49.5,59.2,0.2,4.0,0.4,203.9,6.6,3
38.8,64.4,17.1,3.9,4.5,71.5,67.6,2.7,1.6,2.8,59.4,50.9,0.4,4.1,0.6,185.0,6.6,3
39.5,66.8,17.7,4.7,4.9,84.4,62.5,2.5,1.8,2.9,48.8,59.4,0.3,5.2,0.5,198.3,6.4,3
38.6,68.2,22.4,4.5,4.5,71.8,62.0,3.0,1.7,2.5,51.8,59.8,0.2,5.0,0.6,153.8,6.3,3
39.0,63.2,15.4,3.9,4.8,81.7,68.1,2.5,1.6,2.5,58.5,59.3,0.2,5.1,0.5,174.8,6.4,3
38.7,62.7,19.0,3.1,4.7,81.9,63.1,2.6,1.9,2.3,51.2,51.5,0.3,5.8,0.6,210.9,6.5,3
39.3,66.8,17.7,3.6,5.0,70.0,63.9,2.5,1.7,2.9,49.9,59.0,0.3,4.3,0.6,176.9,6.4,3
39.4,60.9,17.4,4.0,4.7,81.3,69.6,2.6,1.8,3.0,55.7,55.9,0.2,4.0,0.6,204.8,6.5,3
38.9,62.7,23.5,3.6,4.9,83.0,69.6,2.5,1.6,2.2,48.3,46.1,0.3,5.6,0.7,150.3,6.5,3
39.3,61.1,18.3,4.0,5.0,85.0,69.1,2.9,1.9,2.8,56.3,57.3,0.4,5.4,0.5,187.7,6.3,3
39.4,62.1,20.0,4.6,4.8,78.2,62.9,2.6,1.5,2.2,51.6,50.5,0.2,4.8,0.5,175.3,6.6,3
38.5,62.7,21.3,4.1,5.0,73.3,61.2,2.9,2.0,3.0,58.7,58.3,0.3,5.6,0.6,206.8,6.3,3
39.2,62.7,24.9,4.6,4.8,74.3,61.1,2.9,1.7,2.4,55.1,56.9,0.2,4.1,0.6,208.0,6.3,3
39.5,63.0,15.7,3.9,5.0,81.0,65.7,3.0,1.7,2.5,53.1,52.1,0.2,5.3,0.7,172.7,6.4,3
38.6,68.8,16.3,3.8,4.5,72.7,63.7,3.0,2.0,2.5,47.5,50.6,0.2,4.5,0.6,198.5,6.4,3
39.5,67.3,24.5,4.2,4.6,83.5,62.0,2.6,1.8,2.4,55.8,54.2,0.4,4.9,0.6,231.2,6.3,3
39.0,60.2,15.5,4.0,4.6,72.1,62.0,2.7,1.6,2.7,58.3,47.8,0.2,5.2,0.7,174.6,6.5,3
38.7,69.0,21.7,4.6,4.5,76.3,61.8,2.5,1.8,2.9,59.2,58.4,0.4,4.5,0.6,198.1,6.6,3
39.1,62.1,19.7,4.7,4.6,80.0,65.4,2.7,1.8,2.3,53.6,55.1,0.4,4.2,0.6,195.0,6.4,3
39.5,61.5,21.1,4.4,5.0,71.5,62.2,2.9,2.0,2.5,58.9,48.5,0.3,4.1,0.5,242.4,6.3,3
38.5,63.8,24.4,3.0,4.8,72.1,61.7,2.6,1.7,2.4,48.1,56.9,0.4,4.3,0.6,223.6,6.6,3
38.6,66.7,21.2,3.6,4.7,70.8,64.7,2.9,1.8,3.0,58.0,59.3,0.3,6.0,0.6,234.5,6.3,3
39.5,66.0,23.4,4.7,5.0,72.4,68.2,2.7,1.6,2.5,58.4,53.3,0.4,4.3,0.4,162.4,6.6,3
39.5,62.2,20.6,3.7,4.5,70.4,60.4,2.6,1.5,2.7,56.1,57.9,0.4,4.8,0.4,241.1,6.6,3
39.0,61.8,22.9,3.0,5.0,81.4,66.4,2.7,1.9,2.6,50.4,59.6,0.4,4.5,0.5,158.7,6.6,3
39.4,60.4,15.1,3.1,4.5,80.0,62.4,2.6,2.0,2.3,57.8,47.9,0.3,6.0,0.4,239.0,6.3,3
38.8,65.5,19.9,4.0,4.9,77.0,65.4,3.0,1.9,2.2,45.5,50.4,0.3,5.4,0.4,204.6,6.4,3
39.1,66.7,18.1,4.7,4.5,71.8,65.7,3.0,1.7,2.2,46.1,45.0,0.4,5.0,0.6,211.3,6.3,3
38.9,65.6,22.3,3.9,4.9,79.1,69.7,3.0,1.8,3.0,58.1,47.3,0.3,5.4,0.6,177.5,6.4,3
39.4,66.1,19.3,4.4,4.8,78.7,68.2,2.7,1.8,3.0,49.8,50.2,0.2,4.4,0.6,229.3,6.3,3
38.9,67.7,21.0,3.4,4.7,78.8,69.8,2.7,1.9,2.3,50.2,56.5,0.3,4.3,0.5,170.2,6.3,3
38.6,60.5,18.7,3.9,4.7,74.4,65.9,2.6,1.9,2.4,45.7,45.4,0.2,4.6,0.6,202.4,6.3,3
38.7,65.3,16.3,3.6,4.8,77.2,66.3,2.7,1.5,2.3,58.8,46.0,0.3,4.2,0.4,154.2,6.4,3
38.6,62.1,15.9,4.0,4.8,80.5,69.5,2.7,1.9,3.0,54.8,56.0,0.2,4.1,0.5,225.7,6.4,3
38.5,66.7,23.3,4.1,4.9,72.2,68.8,2.8,1.9,2.7,49.2,58.1,0.4,4.2,0.7,159.3,6.3,3
39.5,65.7,22.3,3.4,4.5,82.2,68.2,2.6,1.7,2.7,51.9,52.2,0.3,5.5,0.7,225.6,6.6,3
39.1,68.2,15.8,4.0,4.5,82.1,69.8,2.5,1.7,2.5,57.6,59.8,0.3,5.1,0.6,223.9,6.3,3
38.8,62.2,21.9,4.6,4.5,78.1,64.5,3.0,2.0,2.2,50.1,45.6,0.2,4.1,0.6,184.5,6.5,3
39.5,66.8,22.5,3.7,5.0,82.7,67.3,2.8,1.5,2.5,50.8,56.2,0.4,5.6,0.4,243.2,6.5,3
39.3,67.9,23.2,4.6,5.0,72.5,62.1,2.8,2.0,2.4,57.0,47.3,0.3,5.1,0.6,160.4,6.6,3
38.8,64.8,21.8,4.0,4.6,71.9,61.0,2.6,1.7,2.6,53.0,54.6,0.2,4.2,0.6,159.8,6.6,3
39.0,67.2,18.3,4.9,4.7,83.6,62.9,2.8,1.8,2.5,48.4,52.3,0.2,5.9,0.5,191.5,6.3,3
38.9,60.3,17.7,3.4,4.8,71.7,62.1,3.0,1.8,2.8,56.1,46.4,0.3,5.4,0.7,232.6,6.5,3
39.1,62.5,19.5,3.6,4.7,72.3,60.7,3.0,1.6,2.8,46.9,54.8,0.4,4.1,0.5,243.0,6.5,3
39.1,67.2,18.5,4.9,4.7,74.7,62.7,2.9,2.0,3.0,50.7,54.5,0.3,5.9,0.6,238.5,6.3,3
39.4,69.7,22.2,4.6,4.6,79.0,61.9,2.6,1.9,2.5,54.6,54.3,0.2,4.7,0.7,213.4,6.3,3
39.0,68.0,20.6,4.6,4.6,78.5,61.0,2.8,1.7,2.8,50.2,53.7,0.2,4.5,0.7,153.1,6.3,3
39.4,66.4,23.5,4.5,4.9,79.7,65.3,3.0,1.7,2.3,57.4,49.5,0.3,5.0,0.7,206.5,6.4,3
39.4,61.4,18.0,3.8,4.5,75.2,66.0,2.6,1.6,2.4,46.7,59.7,0.3,4.0,0.4,243.1,6.5,3
39.4,67.8,18.5,4.4,4.7,70.6,67.8,2.5,1.5,2.4,46.3,51.7,0.4,5.0,0.6,238.6,6.4,3
39.4,62.3,23.6,3.5,4.6,78.2,63.6,2.8,1.8,2.8,55.1,58.6,0.3,6.0,0.5,162.2,6.5,3
39.0,70.0,20.4,3.9,4.6,79.2,68.9,2.7,1.5,3.0,45.0,45.5,0.2,4.4,0.5,161.5,6.3,3
39.0,62.7,16.8,4.9,5.0,84.3,64.6,3.0,1.7,2.7,57.2,45.9,0.2,4.9,0.5,229.5,6.3,3
39.1,60.0,20.4,3.1,4.7,84.0,63.2,3.0,2.0,2.7,54.0,45.9,0.4,4.9,0.4,154.0,6.3,3
38.5,67.2,21.4,3.0,4.9,81.2,63.2,2.8,2.0,2.4,48.2,53.3,0.2,4.7,0.5,223.5,6.3,3
39.2,55.4,22.1,3.1,5.6,91.1,81.0,2.7,2.3,2.4,51.2,86.5,0.5,10.6,1.1,436.1,6.7,4
38.7,74.9,28.1,4.4,6.4,126.0,72.9,2.5,2.2,2.9,46.2,78.1,1.0,10.6,0.9,412.0,7.1,4
38.9,56.6,19.1,3.5,6.2,94.5,73.1,2.5,1.7,2.4,59.4,77.6,0.7,8.4,1.1,224.9,6.5,4
39.3,50.5,28.4,3.6,6.8,106.5,79.0,3.0,1.7,3.1,46.3,70.8,0.7,10.8,0.9,345.7,6.9,4
39.1,61.5,22.2,4.6,7.1,92.2,79.8,2.9,2.5,3.2,48.8,118.0,0.8,10.2,1.2,445.5,6.9,4
39.0,63.1,25.6,3.5,6.5,122.4,77.1,3.1,2.1,2.4,47.7,104.8,0.7,9.1,1.1,442.2,7.0,4
39.2,51.1,26.4,3.0,5.6,122.5,79.3,2.9,1.5,3.1,47.6,111.0,0.7,8.3,1.1,449.4,7.1,4
38.9,74.9,23.3,4.6,6.2,90.0,80.0,2.6,1.7,2.2,57.5,83.4,1.0,8.3,1.1,412.7,6.9,4
39.0,50.1,20.1,3.2,7.3,127.1,81.6,2.9,1.9,2.8,53.5,80.4,0.7,10.1,0.8,423.8,6.6,4
38.9,53.2,27.9,3.4,7.1,125.9,80.3,2.8,2.3,2.5,50.5,80.5,0.9,10.2,0.9,312.8,7.0,4
38.5,51.2,23.8,3.7,6.6,105.2,78.4,2.9,1.8,3.1,57.3,89.5,0.9,8.0,0.8,465.1,7.2,4
39.5,63.4,23.9,3.2,5.5,122.2,73.7,3.1,2.2,3.2,59.0,110.1,0.7,8.5,1.1,357.9,7.0,4
39.1,67.2,21.3,3.3,6.9,92.2,75.0,2.8,2.2,2.6,54.0,111.5,1.0,8.6,1.1,261.7,6.5,4
39.2,60.5,15.2,3.2,6.0,115.0,78.9,3.1,1.7,2.7,49.5,77.3,0.9,11.8,1.1,270.3,7.0,4
38.6,79.3,26.9,4.0,7.4,100.2,81.7,2.9,2.5,2.8,57.5,82.5,1.0,11.1,0.9,425.1,7.2,4
38.8,70.6,25.3,4.5,7.2,104.3,80.0,2.7,1.5,2.2,50.8,88.2,0.8,11.7,0.9,288.5,7.2,4
39.1,53.1,22.7,4.4,7.0,118.3,73.2,2.7,2.0,2.3,60.0,77.2,0.6,9.1,0.9,284.5,6.7,4
38.7,64.4,25.9,3.1,5.7,116.4,77.4,2.7,1.8,2.7,55.3,79.6,0.9,11.7,1.0,252.4,6.9,4
39.0,59.6,20.0,3.5,6.5,106.7,74.9,2.7,2.1,3.3,51.1,104.9,0.5,10.1,1.2,323.2,6.7,4
39.3,64.0,21.2,3.9,5.5,94.8,77.1,2.7,2.2,2.5,59.3,103.5,0.9,11.3,1.1,326.7,7.0,4
39.1,56.2,16.2,4.7,6.7,103.4,79.8,3.0,1.8,3.3,47.7,94.3,0.8,8.6,1.2,243.6,6.6,4
39.1,76.8,17.8,4.0,6.6,118.3,74.2,2.9,1.8,2.6,53.9,116.8,0.9,10.7,1.0,409.0,6.6,4
39.4,71.7,20.5,3.6,7.5,127.4,80.4,2.8,2.1,3.3,49.7,96.5,0.7,8.4,1.2,334.6,6.8,4
39.5,61.3,21.7,4.2,6.0,98.9,74.8,2.9,2.5,3.3,46.6,96.8,1.0,11.4,1.0,373.2,6.5,4
38.9,67.5,23.6,3.8,5.9,128.5,77.3,2.5,1.5,2.6,53.4,75.8,0.9,9.8,1.0,363.7,6.5,4
38.9,65.8,22.7,3.8,7.2,122.2,81.8,2.9,2.2,2.5,53.9,93.7,0.9,9.6,0.8,492.0,6.6,4
38.7,57.2,29.0,4.9,5.6,114.1,78.5,2.8,1.9,2.5,52.9,109.1,0.7,9.0,0.8,203.6,7.1,4
39.3,77.8,16.4,3.6,6.1,97.0,80.0,2.5,1.8,2.7,59.9,103.7,0.8,10.9,1.2,201.0,6.8,4
39.3,74.2,26.9,3.4,6.0,96.6,80.7,2.5,1.9,3.0,53.0,91.3,0.6,8.4,0.9,392.9,6.7,4
38.6,51.0,18.6,3.9,7.4,118.9,81.5,3.0,2.4,3.3,58.1,104.8,0.6,9.3,1.1,242.7,6.8,4
39.0,59.3,24.6,4.7,7.5,96.1,79.8,2.8,1.5,3.3,58.6,79.4,0.6,11.3,0.9,239.8,6.6,4
39.0,60.1,25.8,3.2,6.4,94.8,80.3,2.6,2.4,2.8,52.7,107.8,0.7,8.2,1.0,261.4,7.0,4
38.5,79.4,18.4,4.6,7.2,115.9,79.6,2.7,1.8,2.9,51.4,83.5,0.5,11.9,1.2,444.7,7.0,4
39.2,73.4,29.4,3.6,6.9,123.2,74.0,3.0,2.4,2.3,45.5,72.6,0.7,9.2,0.8,485.4,6.7,4
39.1,74.4,22.4,4.8,6.2,117.2,74.0,3.0,1.5,2.4,53.8,83.1,0.6,8.9,1.0,477.1,6.7,4
38.9,74.4,28.7,4.9,6.5,108.1,73.8,2.6,2.5,2.7,48.3,74.2,0.6,9.5,0.8,421.9,6.6,4
38.5,73.0,21.8,3.3,7.3,91.6,79.2,2.9,2.2,3.2,46.5,81.4,1.0,10.2,1.2,251.6,6.6,4
39.3,73.1,18.4,4.5,6.2,107.3,80.1,2.9,2.5,2.7,56.0,90.2,0.8,11.4,1.0,260.5,6.8,4
39.5,51.4,25.5,4.7,6.3,94.4,81.5,3.0,2.3,3.2,59.4,100.0,1.0,10.2,0.9,286.7,7.0,4
38.6,69.1,17.5,3.8,7.2,116.9,73.8,3.0,1.5,2.8,46.2,111.1,1.0,8.3,0.9,482.9,6.9,4
39.3,59.9,21.8,4.5,6.6,110.0,74.6,3.0,1.6,2.6,45.0,99.2,0.6,12.0,1.2,406.5,6.5,4
39.1,74.5,15.7,3.4,5.6,95.2,75.6,2.5,2.1,3.3,47.1,75.0,0.9,12.0,1.1,438.5,7.0,4
38.6,62.8,17.0,3.5,5.6,120.6,75.5,2.8,1.6,3.0,49.1,70.9,0.5,11.6,0.8,359.2,6.9,4
38.7,73.7,18.1,4.9,5.8,106.7,72.3,2.9,2.2,2.5,53.6,82.3,1.0,8.2,0.8,311.7,6.6,4
39.2,69.3,21.5,3.1,5.7,114.2,74.0,2.9,2.4,3.3,55.0,99.4,1.0,9.1,1.2,316.7,6.9,4
39.0,72.9,26.3,5.0,5.5,94.9,80.5,2.6,2.5,3.3,58.5,95.9,0.7,8.1,1.1,318.1,6.9,4
39.5,76.8,27.0,4.7,7.3,118.1,76.3,2.6,1.7,2.6,59.5,114.6,0.8,8.2,1.1,347.5,6.6,4
38.8,52.5,26.7,3.6,7.0,111.0,80.9,2.9,1.7,2.9,56.3,76.9,0.6,9.0,1.0,230.7,7.2,4
38.5,75.3,21.2,3.5,5.8,103.7,73.5,2.7,2.5,2.5,56.7,83.5,0.7,9.5,1.2,499.2,6.5,4
39.3,64.6,19.7,3.6,6.7,129.2,74.5,3.1,2.3,2.9,51.2,87.3,1.0,9.2,0.9,380.9,7.0,4
38.8,68.0,25.5,5.0,5.9,91.5,73.8,2.9,1.6,3.1,52.2,75.7,0.7,10.0,0.8,422.4,6.5,4
38.6,59.7,17.4,3.0,6.8,100.9,80.7,2.9,2.0,2.9,45.9,71.7,0.9,10.1,1.0,289.3,7.0,4
39.3,70.2,22.5,4.8,6.2,126.2,81.9,2.6,2.2,2.5,46.7,81.2,0.5,11.1,1.2,349.3,6.7,4
39.3,65.1,17.0,4.3,6.9,110.3,72.8,2.9,2.4,3.1,59.7,103.0,0.6,11.3,1.1,474.7,6.8,4
39.4,75.2,21.5,4.9,6.7,100.9,81.9,3.1,1.9,2.5,50.8,105.5,0.7,11.1,0.9,493.2,6.7,4
39.5,72.8,28.2,4.4,6.1,127.7,77.9,2.5,2.4,2.9,53.3,86.9,0.8,9.8,0.8,266.4,6.8,4
38.7,53.6,30.0,3.3,6.2,120.3,81.4,2.7,2.4,2.7,51.4,109.1,0.5,11.6,1.1,391.5,6.9,4
38.5,73.0,20.6,3.3,7.4,119.7,81.1,2.5,1.7,2.2,46.2,106.5,1.0,11.3,0.9,294.3,7.2,4
38.8,50.2,18.6,4.0,7.5,126.6,78.6,2.6,2.5,3.3,48.1,88.1,1.0,11.2,1.1,293.3,6.6,4
39.4,62.5,20.4,3.1,6.6,125.5,75.8,2.8,2.4,2.2,59.6,97.8,0.8,11.0,1.1,240.7,6.8,4
39.3,80.0,29.3,4.5,5.6,93.9,80.6,2.9,1.5,2.7,47.3,94.8,0.5,12.0,1.1,263.7,6.8,4
39.4,65.9,16.0,3.5,6.2,124.1,75.1,2.5,2.4,2.7,49.4,104.3,0.9,8.4,1.2,382.1,6.7,4
38.6,73.9,18.4,3.3,7.0,111.2,81.6,2.5,2.4,2.4,48.8,105.3,0.8,10.0,1.0,305.5,6.6,4
38.7,64.9,16.1,3.3,6.3,100.1,78.8,2.5,2.2,3.2,49.3,112.1,0.6,8.6,1.1,418.4,7.0,4
39.4,65.0,20.6,3.5,6.0,113.8,78.8,3.0,2.2,3.2,55.4,86.8,0.8,12.0,1.0,273.1,6.6,4
39.0,55.6,16.0,3.3,6.6,90.8,72.7,2.9,2.0,2.6,57.0,107.6,0.7,8.7,1.2,336.5,7.1,4
39.4,67.1,19.3,3.9,6.4,108.6,78.9,2.9,1.5,2.6,46.7,106.4,0.8,8.1,1.1,432.2,6.6,4
39.4,64.0,18.9,4.4,6.1,123.5,73.2,2.7,2.0,2.8,54.0,97.4,0.9,9.1,1.0,237.3,7.2,4
39.5,55.0,16.5,3.2,5.6,94.2,76.1,2.7,2.5,2.7,45.4,76.1,0.9,11.4,1.1,428.5,6.8,4
38.6,62.4,28.4,3.1,7.3,113.5,81.9,2.7,1.7,2.5,57.1,76.8,0.6,11.1,1.2,370.2,6.5,4
39.0,64.3,15.7,3.7,7.2,110.7,74.8,2.7,2.5,2.9,49.1,102.0,0.6,10.5,0.9,238.7,6.8,4
38.7,51.3,29.6,5.0,5.9,92.0,76.6,2.8,1.7,3.1,48.9,75.7,0.5,11.8,1.2,249.4,6.9,4
39.5,53.7,18.4,4.0,6.2,103.9,74.0,2.5,2.1,3.3,56.1,88.1,0.7,8.6,0.9,418.2,6.5,4
39.2,78.4,15.1,3.4,5.9,93.8,77.4,2.8,2.2,3.1,45.0,88.5,0.9,9.6,0.9,404.4,6.5,4
38.7,62.3,18.9,3.9,7.1,122.4,77.9,2.8,1.5,2.6,46.4,83.1,1.0,8.0,0.8,233.5,7.0,4
39.5,57.3,17.1,4.8,6.9,102.7,78.8,2.5,2.5,2.8,48.9,103.4,0.9,10.0,0.8,380.3,7.2,4
39.1,77.9,29.3,4.9,6.2,95.1,80.0,2.5,2.0,2.2,52.0,89.3,0.8,8.7,1.0,201.3,6.6,4
39.0,71.3,16.1,4.9,7.5,127.4,75.4,2.9,1.6,3.1,47.1,114.6,0.7,11.5,0.9,243.0,6.6,4
38.9,73.8,18.8,4.3,7.4,115.7,72.8,2.8,1.8,2.9,49.7,84.6,0.9,8.4,1.2,466.3,6.7,4
39.1,71.0,17.5,4.7,6.0,98.1,81.4,2.9,2.2,2.5,47.1,116.6,0.6,8.8,1.1,303.9,7.0,4
38.8,60.5,29.9,4.4,6.5,96.2,72.0,2.5,1.5,2.2,51.9,73.4,0.6,9.6,0.9,259.0,6.6,4
38.6,55.4,23.1,3.4,5.5,98.1,72.4,2.7,1.6,3.2,45.7,102.3,0.5,9.9,0.8,252.9,6.6,4
38.6,67.6,25.7,4.2,5.9,116.8,72.7,3.0,1.9,3.3,58.3,92.4,0.8,9.9,0.9,422.7,6.7,4
39.2,68.1,20.6,4.3,6.8,117.1,74.4,3.0,2.1,2.7,48.9,76.2,0.5,9.1,1.0,334.7,7.2,4
38.8,76.2,17.3,4.3,5.6,114.4,74.3,2.9,2.2,2.4,56.9,112.0,0.8,11.2,1.2,250.6,6.7,4
39.2,73.6,16.2,4.2,6.0,101.5,72.6,3.0,2.2,2.3,56.5,97.1,0.6,11.2,1.0,419.2,6.5,4
38.6,59.4,24.0,5.0,7.0,126.5,79.7,2.5,1.7,2.7,57.7,93.7,0.9,8.4,1.1,395.4,6.9,4
39.1,74.3,21.4,4.4,6.6,110.8,74.8,2.8,1.5,2.5,57.7,111.8,0.6,8.4,1.2,351.4,7.0,4
39.1,65.0,18.1,3.7,7.0,124.3,76.9,3.0,2.1,3.0,45.2,94.0,0.5,11.3,0.8,278.8,7.0,4
38.8,53.1,16.0,3.5,6.3,119.2,72.4,2.9,1.8,3.1,47.5,89.4,0.5,8.8,1.1,457.3,6.7,4
39.0,64.8,24.3,5.0,7.3,115.4,75.9,2.5,1.5,2.7,54.5,78.1,0.6,10.9,1.0,234.3,6.7,4
39.0,53.3,27.1,4.4,5.9,112.9,74.6,2.6,2.1,3.1,56.1,90.4,0.9,9.2,0.8,342.2,6.6,4
39.4,80.0,15.8,4.0,6.3,119.5,78.4,3.0,2.2,2.6,50.1,79.3,1.0,9.1,0.8,254.1,7.1,4
38.6,69.7,23.0,3.9,7.5,123.9,75.5,3.0,1.7,2.8,49.5,109.9,0.5,9.0,1.2,299.5,6.7,4
38.6,71.8,22.2,4.2,7.4,112.2,74.6,2.5,1.7,3.0,56.8,85.4,0.8,8.1,0.9,219.9,6.5,4
38.6,65.7,18.5,3.3,5.9,122.3,79.6,2.5,1.7,3.1,54.4,74.9,0.8,11.1,1.1,416.2,7.1,4
39.2,67.8,15.4,4.5,6.2,96.8,73.4,2.5,1.5,2.6,49.0,75.8,0.5,9.5,1.0,394.1,7.0,4
38.9,78.2,16.4,4.4,5.7,118.1,73.5,2.7,1.8,3.2,58.4,96.5,0.8,10.6,0.8,230.8,6.8,4
38.8,50.9,20.2,3.4,6.8,118.9,80.9,2.8,1.6,3.3,48.3,119.2,0.7,11.5,1.2,425.8,7.1,4
38.5,64.1,19.4,4.3,7.0,106.0,77.9,3.0,1.5,2.2,45.0,96.9,0.9,10.0,1.2,379.1,6.6,4